-- ═══════════════════════════════════════════════════════════════════════
-- Demo seed — the حِرف workspace with realistic Saudi agency data.
-- Employees are seeded without auth users (profile_id null); invite real
-- users from Settings and link them by updating employees.profile_id.
-- ═══════════════════════════════════════════════════════════════════════

insert into tenants (id, name, name_en, cr_number, vat_number, city)
values ('00000000-0000-4000-a000-000000000001',
        'حِرف للحلول الرقمية', 'HIRF Digital Solutions',
        '1010589214', '310158921400003', 'الرياض');

-- Departments
insert into departments (id, tenant_id, name, color) values
 ('00000000-0000-4000-b000-000000000001','00000000-0000-4000-a000-000000000001','الإدارة','var(--chart-1)'),
 ('00000000-0000-4000-b000-000000000002','00000000-0000-4000-a000-000000000001','التصميم','var(--chart-3)'),
 ('00000000-0000-4000-b000-000000000003','00000000-0000-4000-a000-000000000001','التطوير','var(--chart-2)'),
 ('00000000-0000-4000-b000-000000000004','00000000-0000-4000-a000-000000000001','التسويق','var(--chart-4)'),
 ('00000000-0000-4000-b000-000000000005','00000000-0000-4000-a000-000000000001','المالية','var(--chart-5)');

-- Employees
insert into employees (id, tenant_id, department_id, job_title, joined_at, attendance, hours_month, utilization) values
 ('00000000-0000-4000-c000-000000000001','00000000-0000-4000-a000-000000000001','00000000-0000-4000-b000-000000000001','الرئيس التنفيذي','2022-03-01','present',142,72),
 ('00000000-0000-4000-c000-000000000002','00000000-0000-4000-a000-000000000001','00000000-0000-4000-b000-000000000003','قائد فريق التطوير','2022-06-15','present',168,91),
 ('00000000-0000-4000-c000-000000000003','00000000-0000-4000-a000-000000000001','00000000-0000-4000-b000-000000000002','مديرة التصميم','2022-09-01','remote',155,86),
 ('00000000-0000-4000-c000-000000000004','00000000-0000-4000-a000-000000000001','00000000-0000-4000-b000-000000000003','مطور واجهات أمامية','2023-02-12','present',171,94),
 ('00000000-0000-4000-c000-000000000005','00000000-0000-4000-a000-000000000001','00000000-0000-4000-b000-000000000004','مديرة الأداء الإعلاني','2023-05-20','present',149,83),
 ('00000000-0000-4000-c000-000000000006','00000000-0000-4000-a000-000000000001','00000000-0000-4000-b000-000000000003','مطور متاجر إلكترونية','2023-08-07','remote',160,88),
 ('00000000-0000-4000-c000-000000000007','00000000-0000-4000-a000-000000000001','00000000-0000-4000-b000-000000000002','مصممة جرافيك','2024-01-14','onLeave',96,61),
 ('00000000-0000-4000-c000-000000000008','00000000-0000-4000-a000-000000000001','00000000-0000-4000-b000-000000000005','محاسبة أولى','2024-04-01','present',152,78);

-- Clients
insert into clients (id, tenant_id, name, industry, status, city, cr_number, vat_number, website, email, phone, tags, since, notes) values
 ('00000000-0000-4000-d000-000000000001','00000000-0000-4000-a000-000000000001','شركة نماء القابضة','الاستثمار والتطوير','active','الرياض','1010456782','310045678200003','namaa.sa','info@namaa.sa','+966 11 464 8890','{عقد سنوي,VIP}','2023-02-10','عميل استراتيجي — تقارير شهرية مفصلة.'),
 ('00000000-0000-4000-d000-000000000002','00000000-0000-4000-a000-000000000001','متجر لمسة','التجارة الإلكترونية','active','جدة','4030298811','300029881100003','lamsa.store','hello@lamsa.store','+966 12 606 7712','{سلة,متاجر}','2023-09-05','متجر عطور — ذروة الطلب في رمضان.'),
 ('00000000-0000-4000-d000-000000000003','00000000-0000-4000-a000-000000000001','عيادات ابتسامة','الرعاية الصحية','active','الرياض','1010512204','310051220400003','ibtisama.clinic','care@ibtisama.clinic','+966 11 205 3341','{حملات مستمرة}','2024-01-18','سناب شات الأعلى تحويلًا.'),
 ('00000000-0000-4000-d000-000000000004','00000000-0000-4000-a000-000000000001','مطاعم ذواقة','المطاعم والضيافة','active','الدمام','2050334190','302033419000003','thawaqa.sa','info@thawaqa.sa','+966 13 833 9021','{فروع متعددة}','2024-06-02','ثلاثة فروع، توسع مرتقب في الرياض.'),
 ('00000000-0000-4000-d000-000000000005','00000000-0000-4000-a000-000000000001','أكاديمية مهارة','التعليم والتدريب','active','الرياض','1010601175','310060117500003','mahara.academy','info@mahara.academy','+966 11 520 7788','{منصة تعليمية}','2024-11-20','إطلاق المنصة مرتبط بحملة سبتمبر.'),
 ('00000000-0000-4000-d000-000000000006','00000000-0000-4000-a000-000000000001','ورد وعود','الهدايا والزهور','active','جدة','4030412236','300041223600003','wardoud.com','orders@wardoud.com','+966 12 263 5540','{زد,مواسم}','2025-02-14','الطلب يتضاعف في المواسم الوطنية.'),
 ('00000000-0000-4000-d000-000000000007','00000000-0000-4000-a000-000000000001','شركة أفق للعقارات','العقارات','lead','الرياض','1010633409','310063340900003','ofoq.re','contact@ofoq.re','+966 11 410 2299','{عرض سعر مُرسل}','2026-05-11','مهتمون بهوية وموقع لمشروع تلال الياسمين.'),
 ('00000000-0000-4000-d000-000000000008','00000000-0000-4000-a000-000000000001','مغاسل نقاء','الخدمات المنزلية','inactive','الخبر','2051229087','302122908700003','naqaa.app','support@naqaa.app','+966 13 894 5567','{مشروع منتهي}','2023-04-08','فرصة لعقد صيانة سنوي.');

-- Projects (subset with client & manager links)
insert into projects (id, tenant_id, client_id, manager_id, name, service, status, priority, progress, budget, spent, hours_logged, start_date, deadline, description) values
 ('00000000-0000-4000-e000-000000000001','00000000-0000-4000-a000-000000000001','00000000-0000-4000-d000-000000000001','00000000-0000-4000-c000-000000000003','الهوية الرقمية الموحدة لنماء','هوية بصرية','inProgress','high',68,180000,112000,412,'2026-03-01','2026-08-15','هوية بصرية موحدة لنماء وشركاتها التابعة.'),
 ('00000000-0000-4000-e000-000000000002','00000000-0000-4000-a000-000000000001','00000000-0000-4000-d000-000000000002','00000000-0000-4000-c000-000000000002','إعادة إطلاق متجر لمسة على سلة','تطوير متاجر','inProgress','urgent',82,95000,71000,356,'2026-04-10','2026-07-20','ثيم سلة مخصص وتحسين تجربة الجوال.'),
 ('00000000-0000-4000-e000-000000000003','00000000-0000-4000-a000-000000000001','00000000-0000-4000-d000-000000000003','00000000-0000-4000-c000-000000000005','حملات حجز المواعيد Q3','إدارة إعلانات','inProgress','high',35,60000,18500,88,'2026-06-01','2026-09-30','زيادة حجوزات العيادة بنسبة 40٪.'),
 ('00000000-0000-4000-e000-000000000004','00000000-0000-4000-a000-000000000001','00000000-0000-4000-d000-000000000005','00000000-0000-4000-c000-000000000002','منصة دورات مهارة','تطوير ويب','review','high',91,240000,208000,1240,'2026-01-15','2026-07-30','منصة تعليمية متكاملة مع اشتراكات.');

-- Invoices + items
insert into invoices (id, tenant_id, client_id, project_id, number, status, issue_date, due_date, paid_amount, recurring) values
 ('00000000-0000-4000-f000-000000000001','00000000-0000-4000-a000-000000000001','00000000-0000-4000-d000-000000000001','00000000-0000-4000-e000-000000000001','INV-2026-041','paid','2026-05-01','2026-05-15',69000,false),
 ('00000000-0000-4000-f000-000000000002','00000000-0000-4000-a000-000000000001','00000000-0000-4000-d000-000000000003','00000000-0000-4000-e000-000000000003','INV-2026-052','sent','2026-06-25','2026-07-09',0,true),
 ('00000000-0000-4000-f000-000000000003','00000000-0000-4000-a000-000000000001','00000000-0000-4000-d000-000000000004',null,'INV-2026-044','overdue','2026-05-10','2026-06-09',0,false);

insert into invoice_items (tenant_id, invoice_id, description, qty, unit_price, position) values
 ('00000000-0000-4000-a000-000000000001','00000000-0000-4000-f000-000000000001','الدفعة الثانية — هوية نماء',1,60000,0),
 ('00000000-0000-4000-a000-000000000001','00000000-0000-4000-f000-000000000002','أتعاب إدارة الحملات — يوليو',1,15000,0),
 ('00000000-0000-4000-a000-000000000001','00000000-0000-4000-f000-000000000002','إنتاج محتوى إعلاني (3 فيديوهات)',3,2500,1),
 ('00000000-0000-4000-a000-000000000001','00000000-0000-4000-f000-000000000003','دفعة تعاقد — تطبيق ولاء ذواقة',1,30000,0);

-- Campaigns
insert into campaigns (tenant_id, client_id, name, platform, objective, status, budget, spend, revenue, impressions, clicks, conversions, start_date, end_date) values
 ('00000000-0000-4000-a000-000000000001','00000000-0000-4000-d000-000000000003','حجوزات تقويم الأسنان — سناب','snapchat','تحويلات','active',20000,12400,86800,1840000,23900,217,'2026-06-01','2026-07-31'),
 ('00000000-0000-4000-a000-000000000001','00000000-0000-4000-d000-000000000002','إطلاق متجر لمسة الجديد','tiktok','مبيعات المتجر','active',18000,9200,59800,2210000,41200,342,'2026-06-15','2026-07-30'),
 ('00000000-0000-4000-a000-000000000001','00000000-0000-4000-d000-000000000001','توظيف الكفاءات — لينكدإن','linkedin','طلبات توظيف','completed',15000,14200,0,210000,3900,96,'2026-04-01','2026-05-31');

-- Stores
insert into stores (tenant_id, client_id, name, platform, status, domain, hosting, launch_date, monthly_sales, monthly_orders, visitors, conversion_rate, integrations, pixels, emails) values
 ('00000000-0000-4000-a000-000000000001','00000000-0000-4000-d000-000000000002','متجر لمسة','salla','live','lamsa.store','سلة كلاود','2023-10-01',184000,1240,48200,2.6,'{أرامكس,"تاب للدفع"}','{"Meta Pixel","TikTok Pixel","Snap Pixel",GA4}','{hello@lamsa.store,orders@lamsa.store}'),
 ('00000000-0000-4000-a000-000000000001','00000000-0000-4000-d000-000000000006','ورد وعود','zid','live','wardoud.com','زد كلاود','2025-03-20',96500,830,27400,3.0,'{سمسا,مدى,"Apple Pay"}','{"Meta Pixel","Snap Pixel",GA4}','{orders@wardoud.com}');
